﻿<?xml version="1.0" encoding="utf-8" ?>
<NewDataSet>
  <xs:schema id="NewDataSet" xmlns="" xmlns:xs="http://www.w3.org/2001/XMLSchema" xmlns:msdata="urn:schemas-microsoft-com:xml-msdata">
    <xs:element name="NewDataSet" msdata:IsDataSet="true" msdata:MainDataTable="SystemConfig" msdata:UseCurrentLocale="true">
      <xs:complexType>
        <xs:choice minOccurs="0" maxOccurs="unbounded">
          <xs:element name="SystemConfig">
            <xs:complexType>
              <xs:attribute name="ConfigName" type="xs:string" use="required" />
              <xs:attribute name="ConfigValue" type="xs:string" />
              <xs:attribute name="Remark" type="xs:string" />
            </xs:complexType>
          </xs:element>
        </xs:choice>
      </xs:complexType>
      <xs:unique name="Constraint1" msdata:PrimaryKey="true">
        <xs:selector xpath=".//SystemConfig" />
        <xs:field xpath="@ConfigName" />
      </xs:unique>
    </xs:element>
  </xs:schema>
  <SystemConfig ConfigName="mysql" ConfigValue="Server=192.168.35.160;Uid=root;Pwd=ll=8805;Database=commoditycenter;allowuservariables=true" Remark="" />
  <SystemConfig ConfigName="ver" ConfigValue="16" Remark="版本号,用于升级"/>
</NewDataSet>